headline,true_label,predicted_confidence,predicted_label
We investigated social media addiction — what we found might surprise you.,1,0.9999402761459351,1
Study reveals long-term effects of energy crisis.,0,7.230656137835467e-06,0
This vaccination updates event left scientists stunned.,1,0.00012639487977139652,0
Study reveals long-term effects of privacy law changes.,0,7.40009318178636e-06,0
Recent developments highlight advances in deep sea discoveries.,0,7.565631221950753e-06,0
They said political unrest was impossible — until now.,1,8.566631549911108e-06,0
They said vaccination updates was impossible — until now.,1,0.0017794702434912324,0
Scientific community discusses recent deep sea discoveries breakthroughs.,0,7.431011454173131e-06,0
Public awareness increases regarding AI breakthroughs issues.,0,7.4345698521938175e-06,0
The real story behind deep sea discoveries will blow your mind.,1,0.00015750083548482507,0
Government announces policy updates concerning cybersecurity threats.,0,7.363766599155497e-06,0
Recent developments highlight advances in social media addiction.,0,7.3032992986554746e-06,0
Everyone's talking about vaccination updates — find out why.,1,0.9999895095825195,1
Experts release new findings on quantum computing.,0,7.4082627179450355e-06,0
They said economic forecasts was impossible — until now.,1,8.707189408596605e-06,0
What happened next with political unrest shocked the world.,1,6.819397094659507e-05,0
What happened next with space exploration missions shocked the world.,1,0.6695366501808167,1
Scientific community discusses recent privacy law changes breakthroughs.,0,7.310086402867455e-06,0
We investigated ocean pollution — what we found might surprise you.,1,0.9961812496185303,1
You won't believe what experts are saying about hurricane disaster response.,1,0.08691558986902237,0
This shocking discovery about global diplomacy changes everything.,1,2.223748560936656e-05,0
What happened next with vaccination updates shocked the world.,1,0.9793089628219604,1
The real story behind robotic surgery advancements will blow your mind.,1,0.005978623870760202,0
Everyone's talking about AI breakthroughs — find out why.,1,0.9999872446060181,1
Experts release new findings on renewable energy innovation.,0,7.298286163859302e-06,0
The real story behind gene editing research will blow your mind.,1,0.0010555137414485216,0
They said climate change was impossible — until now.,1,1.9041879568248987e-05,0
Global leaders convene to address social media addiction challenges.,0,7.357210506597767e-06,0
Comprehensive report published on economic forecasts trends.,0,7.116438609955367e-06,0
What happened next with AI breakthroughs shocked the world.,1,0.0030057947151362896,0
This housing market shifts event left scientists stunned.,1,7.234077202156186e-06,0
Insiders reveal the untold story behind TV series finales.,1,1.2631592653633561e-05,0
You won't believe what experts are saying about space exploration missions.,1,0.9999854564666748,1
Public awareness increases regarding global diplomacy issues.,0,7.491128599212971e-06,0
Comprehensive report published on political unrest trends.,0,7.075167104630964e-06,0
They said TV series finales was impossible — until now.,1,0.999821126461029,1
Insiders reveal the untold story behind economic forecasts.,1,7.620649739692453e-06,0
Experts release new findings on cybersecurity threats.,0,7.389747224806342e-06,0
Experts release new findings on AI breakthroughs.,0,7.278782504727133e-06,0
Study reveals long-term effects of vaccination updates.,0,7.35626326786587e-06,0
Insiders reveal the untold story behind AI breakthroughs.,1,7.990712219907437e-06,0
Study reveals long-term effects of space exploration missions.,0,8.24815288069658e-06,0
This shocking discovery about political unrest changes everything.,1,2.844509253918659e-05,0
Public awareness increases regarding energy crisis issues.,0,7.310944056371227e-06,0
Researchers present new insights into deep sea discoveries.,0,7.596980140078813e-06,0
Comprehensive report published on ocean pollution trends.,0,7.038133389869472e-06,0
Researchers present new insights into celebrity scandals.,0,7.5209286478639115e-06,0
Comprehensive report published on cybersecurity threats trends.,0,7.280691534106154e-06,0
Everyone's talking about climate change — find out why.,1,0.9999819993972778,1
Comprehensive report published on social media addiction trends.,0,7.080708655848866e-06,0
Researchers present new insights into hurricane disaster response.,0,7.233980795717798e-06,0
In-depth study examines impacts of robotic surgery advancements.,0,8.849511687003542e-06,0
Scientific community discusses recent global diplomacy breakthroughs.,0,7.30017291061813e-06,0
What happened next with DIY home improvement shocked the world.,1,0.999985933303833,1
Recent developments highlight advances in privacy law changes.,0,7.347001883317716e-06,0
Public awareness increases regarding TV series finales issues.,0,7.139067747630179e-06,0
In-depth study examines impacts of vaccination updates.,0,7.477995040972019e-06,0
Recent developments highlight advances in political unrest.,0,7.378437658189796e-06,0
Study reveals long-term effects of AI breakthroughs.,0,7.825008651707321e-06,0
Public awareness increases regarding ocean pollution issues.,0,7.292595000762958e-06,0
Everyone's talking about quantum computing — find out why.,1,0.9999845027923584,1
We investigated vaccination updates — what we found might surprise you.,1,0.9996452331542969,1
Insiders reveal the untold story behind renewable energy innovation.,1,7.541800641774898e-06,0
They said quantum computing was impossible — until now.,1,0.00024709029821678996,0
Recent developments highlight advances in war in Eastern Europe.,0,7.452315912814811e-06,0
Recent developments highlight advances in DIY home improvement.,0,7.732555786787998e-06,0
Insiders reveal the untold story behind new movie releases.,1,9.057909664988983e-06,0
Experts release new findings on climate change.,0,7.087586254783673e-06,0
Researchers present new insights into political unrest.,0,7.241829280246748e-06,0
Here's how robotic surgery advancements is making headlines everywhere.,1,0.9999852180480957,1
This shocking discovery about privacy law changes changes everything.,1,1.5479119610972703e-05,0
The real story behind space exploration missions will blow your mind.,1,0.0029483919497579336,0
Here's how hurricane disaster response is making headlines everywhere.,1,0.9999349117279053,1
You won't believe what experts are saying about climate change.,1,0.9997157454490662,1
The real story behind social media addiction will blow your mind.,1,0.9975115060806274,1
This energy crisis event left scientists stunned.,1,1.006464572128607e-05,0
Insiders reveal the untold story behind hurricane disaster response.,1,7.468523563147755e-06,0
In-depth study examines impacts of global diplomacy.,0,7.459789230779279e-06,0
The real story behind cybersecurity threats will blow your mind.,1,0.0011369821149855852,0
Everyone's talking about energy crisis — find out why.,1,0.9989420771598816,1
Scientific community discusses recent robotic surgery advancements breakthroughs.,0,8.295452062156983e-06,0
Study reveals long-term effects of climate change.,0,7.308399744943017e-06,0
This hurricane disaster response event left scientists stunned.,1,0.0016114297322928905,0
Global leaders convene to address war in Eastern Europe challenges.,0,7.14420320946374e-06,0
What happened next with global diplomacy shocked the world.,1,3.3225598599528894e-05,0
Comprehensive report published on war in Eastern Europe trends.,0,7.149812518036924e-06,0
Global leaders convene to address new movie releases challenges.,0,7.413026196445571e-06,0
Here's how global diplomacy is making headlines everywhere.,1,0.9994712471961975,1
This deep sea discoveries event left scientists stunned.,1,4.5764951210003346e-05,0
Here's how quantum computing is making headlines everywhere.,1,0.9999421834945679,1
You won't believe what experts are saying about robotic surgery advancements.,1,0.9999911785125732,1
Here's how social media addiction is making headlines everywhere.,1,0.9999926090240479,1
Everyone's talking about celebrity scandals — find out why.,1,0.9999927282333374,1
Here's how cybersecurity threats is making headlines everywhere.,1,0.9999767541885376,1
We investigated AI breakthroughs — what we found might surprise you.,1,0.9974251985549927,1
You won't believe what experts are saying about energy crisis.,1,0.00011883737170137465,0
Recent developments highlight advances in space exploration missions.,0,7.637551789230201e-06,0
Experts release new findings on deep sea discoveries.,0,7.2256725616171025e-06,0
What happened next with hurricane disaster response shocked the world.,1,0.00025773642119020224,0
Study reveals long-term effects of hurricane disaster response.,0,7.2981888479262125e-06,0
Researchers present new insights into economic forecasts.,0,7.631268090335652e-06,0
This ocean pollution event left scientists stunned.,1,9.320466051576659e-05,0
Government announces policy updates concerning social media addiction.,0,7.133874987630406e-06,0
You won't believe what experts are saying about social media addiction.,1,0.9999915361404419,1
They said privacy law changes was impossible — until now.,1,2.2145870389067568e-05,0
Experts release new findings on vaccination updates.,0,7.007011390669504e-06,0
They said deep sea discoveries was impossible — until now.,1,7.638683746336028e-05,0
Government announces policy updates concerning deep sea discoveries.,0,7.192240445874631e-06,0
We investigated space exploration missions — what we found might surprise you.,1,0.999047577381134,1
Global leaders convene to address energy crisis challenges.,0,7.223474312922917e-06,0
Global leaders convene to address political unrest challenges.,0,7.14998986950377e-06,0
The real story behind TV series finales will blow your mind.,1,0.9989261031150818,1
This shocking discovery about space exploration missions changes everything.,1,0.006218781694769859,0
In-depth study examines impacts of cybersecurity threats.,0,7.838864803488832e-06,0
What happened next with quantum computing shocked the world.,1,0.004324829671531916,0
What happened next with housing market shifts shocked the world.,1,1.2079186490154825e-05,0
Public awareness increases regarding economic forecasts issues.,0,7.386343895632308e-06,0
Global leaders convene to address cybersecurity threats challenges.,0,7.385949629679089e-06,0
Government announces policy updates concerning global diplomacy.,0,7.318959433177952e-06,0
Experts release new findings on war in Eastern Europe.,0,7.17356670065783e-06,0
Public awareness increases regarding new movie releases issues.,0,7.688334335398395e-06,0
Study reveals long-term effects of international trade deals.,0,7.270707101270091e-06,0
Here's how celebrity scandals is making headlines everywhere.,1,0.9999929666519165,1
Public awareness increases regarding international trade deals issues.,0,7.3473102020216174e-06,0
Recent developments highlight advances in economic forecasts.,0,7.4590420808817726e-06,0
Comprehensive report published on energy crisis trends.,0,7.135249234124785e-06,0
This economic forecasts event left scientists stunned.,1,8.37210700410651e-06,0
Experts release new findings on hurricane disaster response.,0,7.189990810729796e-06,0
Global leaders convene to address robotic surgery advancements challenges.,0,7.496238595194882e-06,0
We investigated renewable energy innovation — what we found might surprise you.,1,0.8131312131881714,1
Recent developments highlight advances in hurricane disaster response.,0,7.274119070643792e-06,0
Scientific community discusses recent energy crisis breakthroughs.,0,7.18214414519025e-06,0
Everyone's talking about global diplomacy — find out why.,1,0.999953031539917,1
This shocking discovery about TV series finales changes everything.,1,0.9994267225265503,1
Recent developments highlight advances in robotic surgery advancements.,0,7.973645551828668e-06,0
Global leaders convene to address renewable energy innovation challenges.,0,7.279566943907412e-06,0
In-depth study examines impacts of new movie releases.,0,8.359812454727944e-06,0
Comprehensive report published on deep sea discoveries trends.,0,7.196192200353835e-06,0
Recent developments highlight advances in energy crisis.,0,7.3852520472428296e-06,0
The real story behind climate change will blow your mind.,1,0.00011375732719898224,0
Researchers present new insights into global diplomacy.,0,7.655505214643199e-06,0
Global leaders convene to address ocean pollution challenges.,0,7.101496066752588e-06,0
We investigated global diplomacy — what we found might surprise you.,1,0.002666617278009653,0
Researchers present new insights into international trade deals.,0,7.601704965054523e-06,0
Here's how war in Eastern Europe is making headlines everywhere.,1,0.9989701509475708,1
What happened next with ocean pollution shocked the world.,1,0.0010088797425851226,0
In-depth study examines impacts of celebrity scandals.,0,7.540074875578284e-06,0
Global leaders convene to address global diplomacy challenges.,0,7.2902098509075586e-06,0
What happened next with renewable energy innovation shocked the world.,1,4.341838211985305e-05,0
You won't believe what experts are saying about TV series finales.,1,0.9999943971633911,1
In-depth study examines impacts of economic forecasts.,0,7.5808839028468356e-06,0
Public awareness increases regarding DIY home improvement issues.,0,1.1157174412801396e-05,0
Government announces policy updates concerning space exploration missions.,0,7.151442332542501e-06,0
In-depth study examines impacts of housing market shifts.,0,7.209112936834572e-06,0
This shocking discovery about gene editing research changes everything.,1,0.001672930084168911,0
What happened next with international trade deals shocked the world.,1,5.303258149069734e-05,0
Public awareness increases regarding robotic surgery advancements issues.,0,7.80244681664044e-06,0
Global leaders convene to address economic forecasts challenges.,0,7.244917014759267e-06,0
The real story behind vaccination updates will blow your mind.,1,0.003220565849915147,0
Study reveals long-term effects of housing market shifts.,0,7.201176686066901e-06,0
Experts release new findings on social media addiction.,0,7.1062859205994755e-06,0
You won't believe what experts are saying about gene editing research.,1,0.9999864101409912,1
They said renewable energy innovation was impossible — until now.,1,9.386603778693825e-06,0
Scientific community discusses recent climate change breakthroughs.,0,7.539564194303239e-06,0
Everyone's talking about hurricane disaster response — find out why.,1,0.9999375343322754,1
This space exploration missions event left scientists stunned.,1,0.00010777728311950341,0
Scientific community discusses recent housing market shifts breakthroughs.,0,7.2743132477626204e-06,0
In-depth study examines impacts of privacy law changes.,0,7.594191174575826e-06,0
Everyone's talking about economic forecasts — find out why.,1,0.9998072981834412,1
Experts release new findings on housing market shifts.,0,7.3521046033420134e-06,0
Scientific community discusses recent gene editing research breakthroughs.,0,7.797299076628406e-06,0
Researchers present new insights into social media addiction.,0,7.518246547988383e-06,0
Insiders reveal the untold story behind energy crisis.,1,7.3408455136814155e-06,0
Study reveals long-term effects of war in Eastern Europe.,0,7.312296929740114e-06,0
Government announces policy updates concerning AI breakthroughs.,0,7.197283593995962e-06,0
Researchers present new insights into space exploration missions.,0,7.900353011791594e-06,0
We investigated TV series finales — what we found might surprise you.,1,0.9999889135360718,1
Global leaders convene to address privacy law changes challenges.,0,7.207985618151724e-06,0
In-depth study examines impacts of AI breakthroughs.,0,8.043298294069245e-06,0
This global diplomacy event left scientists stunned.,1,1.0248577382299118e-05,0
You won't believe what experts are saying about political unrest.,1,0.9741219282150269,1
Public awareness increases regarding gene editing research issues.,0,7.72276871430222e-06,0
This shocking discovery about climate change changes everything.,1,0.00017830904107540846,0
The real story behind quantum computing will blow your mind.,1,0.0003141278575640172,0
The real story behind AI breakthroughs will blow your mind.,1,0.0006174247828312218,0
Government announces policy updates concerning DIY home improvement.,0,7.2515390456828754e-06,0
The real story behind DIY home improvement will blow your mind.,1,0.9991428852081299,1
Recent developments highlight advances in climate change.,0,7.355316029133974e-06,0
Scientific community discusses recent TV series finales breakthroughs.,0,1.09385400719475e-05,0
Public awareness increases regarding political unrest issues.,0,7.418407676595962e-06,0
The real story behind ocean pollution will blow your mind.,1,0.00017350971756968647,0
This climate change event left scientists stunned.,1,0.0005546770407818258,0
We investigated celebrity scandals — what we found might surprise you.,1,0.9990255832672119,1
This political unrest event left scientists stunned.,1,1.1931325389014091e-05,0
In-depth study examines impacts of ocean pollution.,0,7.616348739247769e-06,0
Experts release new findings on celebrity scandals.,0,7.194174941105302e-06,0
Researchers present new insights into housing market shifts.,0,7.659602488274686e-06,0
Comprehensive report published on global diplomacy trends.,0,7.115529115253594e-06,0
Public awareness increases regarding space exploration missions issues.,0,8.05206218501553e-06,0
They said global diplomacy was impossible — until now.,1,8.80869174579857e-06,0
Insiders reveal the untold story behind climate change.,1,7.396854471153347e-06,0
Study reveals long-term effects of deep sea discoveries.,0,7.502517746615922e-06,0
Scientific community discusses recent social media addiction breakthroughs.,0,1.002234967018012e-05,0
Public awareness increases regarding war in Eastern Europe issues.,0,7.368852948275162e-06,0
Study reveals long-term effects of social media addiction.,0,8.415493539359886e-06,0
Researchers present new insights into new movie releases.,0,7.636393092980143e-06,0
Researchers present new insights into robotic surgery advancements.,0,8.008480108401272e-06,0
Government announces policy updates concerning ocean pollution.,0,7.161317626014352e-06,0
This cybersecurity threats event left scientists stunned.,1,1.0369245501351543e-05,0
We investigated economic forecasts — what we found might surprise you.,1,0.4417688548564911,1
They said energy crisis was impossible — until now.,1,7.499506409658352e-06,0
In-depth study examines impacts of DIY home improvement.,0,1.141599568654783e-05,0
Everyone's talking about gene editing research — find out why.,1,0.9999837875366211,1
This renewable energy innovation event left scientists stunned.,1,7.911263310234062e-06,0
You won't believe what experts are saying about housing market shifts.,1,0.14417244493961334,1
The real story behind new movie releases will blow your mind.,1,0.8607892990112305,1
They said robotic surgery advancements was impossible — until now.,1,0.9411594867706299,1
Comprehensive report published on quantum computing trends.,0,7.32566331862472e-06,0
The real story behind renewable energy innovation will blow your mind.,1,2.3689148292760365e-05,0
Study reveals long-term effects of TV series finales.,0,8.964591870608274e-06,0
Insiders reveal the untold story behind gene editing research.,1,7.915881724329665e-06,0
Here's how political unrest is making headlines everywhere.,1,0.999858021736145,1
Public awareness increases regarding climate change issues.,0,7.362797532550758e-06,0
Comprehensive report published on robotic surgery advancements trends.,0,7.626320893905358e-06,0
Comprehensive report published on gene editing research trends.,0,7.532715244451538e-06,0
You won't believe what experts are saying about celebrity scandals.,1,0.9999912977218628,1
Recent developments highlight advances in quantum computing.,0,7.814523996785283e-06,0
They said ocean pollution was impossible — until now.,1,3.209023634553887e-05,0
You won't believe what experts are saying about renewable energy innovation.,1,0.999850869178772,1
Government announces policy updates concerning economic forecasts.,0,7.319902124436339e-06,0
Researchers present new insights into energy crisis.,0,7.4378463068569545e-06,0
Public awareness increases regarding housing market shifts issues.,0,7.506905149057275e-06,0
Here's how space exploration missions is making headlines everywhere.,1,0.9999725818634033,1
Public awareness increases regarding celebrity scandals issues.,0,7.417728738801088e-06,0
This privacy law changes event left scientists stunned.,1,1.0277941328240559e-05,0
You won't believe what experts are saying about war in Eastern Europe.,1,0.828156054019928,1
Here's how deep sea discoveries is making headlines everywhere.,1,0.9999494552612305,1
Government announces policy updates concerning gene editing research.,0,7.21905371392495e-06,0
Researchers present new insights into TV series finales.,0,7.352314696618123e-06,0
Researchers present new insights into climate change.,0,7.380217994068516e-06,0
You won't believe what experts are saying about vaccination updates.,1,0.9999887943267822,1
Researchers present new insights into war in Eastern Europe.,0,7.307479791052174e-06,0
We investigated robotic surgery advancements — what we found might surprise you.,1,0.999750554561615,1
Scientific community discusses recent ocean pollution breakthroughs.,0,7.322967121581314e-06,0
This shocking discovery about AI breakthroughs changes everything.,1,0.0043633850291371346,0
Comprehensive report published on AI breakthroughs trends.,0,7.218578502943274e-06,0
Experts release new findings on ocean pollution.,0,7.093732165230904e-06,0
Experts release new findings on DIY home improvement.,0,7.971059858391527e-06,0
Insiders reveal the untold story behind privacy law changes.,1,7.5518337325775065e-06,0
Study reveals long-term effects of robotic surgery advancements.,0,8.55716825753916e-06,0
What happened next with TV series finales shocked the world.,1,0.9999713897705078,1
What happened next with robotic surgery advancements shocked the world.,1,0.9910176992416382,1
We investigated housing market shifts — what we found might surprise you.,1,0.00042269763071089983,0
In-depth study examines impacts of political unrest.,0,7.127156095521059e-06,0
You won't believe what experts are saying about privacy law changes.,1,0.9999434947967529,1
The real story behind global diplomacy will blow your mind.,1,1.998550578719005e-05,0
Government announces policy updates concerning climate change.,0,7.214483503048541e-06,0
Insiders reveal the untold story behind deep sea discoveries.,1,7.820913197065238e-06,0
Government announces policy updates concerning international trade deals.,0,7.297708634723676e-06,0
This social media addiction event left scientists stunned.,1,0.9986268281936646,1
The real story behind economic forecasts will blow your mind.,1,1.0826011930475943e-05,0
Scientific community discusses recent new movie releases breakthroughs.,0,9.314303497376386e-06,0
Everyone's talking about cybersecurity threats — find out why.,1,0.9999879598617554,1
Study reveals long-term effects of ocean pollution.,0,7.453651960531715e-06,0
Experts release new findings on gene editing research.,0,7.458836080331821e-06,0
Public awareness increases regarding quantum computing issues.,0,7.614373316755518e-06,0
They said celebrity scandals was impossible — until now.,1,0.22243383526802063,1
Researchers present new insights into gene editing research.,0,7.985752745298669e-06,0
Insiders reveal the untold story behind space exploration missions.,1,9.935009074979462e-06,0
Government announces policy updates concerning energy crisis.,0,7.39179813535884e-06,0
Comprehensive report published on celebrity scandals trends.,0,7.105391432560282e-06,0
Government announces policy updates concerning hurricane disaster response.,0,7.23928087609238e-06,0
Experts release new findings on new movie releases.,0,7.577385531476466e-06,0
What happened next with new movie releases shocked the world.,1,0.998310923576355,1
They said social media addiction was impossible — until now.,1,0.9726660847663879,1
Here's how ocean pollution is making headlines everywhere.,1,0.9999430179595947,1
Insiders reveal the untold story behind international trade deals.,1,7.455756531271618e-06,0
They said gene editing research was impossible — until now.,1,0.0003210659488104284,0
What happened next with gene editing research shocked the world.,1,0.015069322660565376,0
Researchers present new insights into quantum computing.,0,7.896639544924255e-06,0
This shocking discovery about war in Eastern Europe changes everything.,1,0.00022505191736854613,0
Scientific community discusses recent AI breakthroughs breakthroughs.,0,7.74126237956807e-06,0
This shocking discovery about hurricane disaster response changes everything.,1,0.0006176287424750626,0
Public awareness increases regarding hurricane disaster response issues.,0,7.4079662226722576e-06,0
Study reveals long-term effects of DIY home improvement.,0,9.217877959599718e-06,0
They said hurricane disaster response was impossible — until now.,1,1.8460874343873e-05,0
You won't believe what experts are saying about DIY home improvement.,1,0.9999947547912598,1
We investigated privacy law changes — what we found might surprise you.,1,0.9909176230430603,1
This quantum computing event left scientists stunned.,1,7.976522465469316e-05,0
Here's how housing market shifts is making headlines everywhere.,1,0.0023517690133303404,0
We investigated quantum computing — what we found might surprise you.,1,0.9955145716667175,1
This new movie releases event left scientists stunned.,1,0.9780827760696411,1
Insiders reveal the untold story behind cybersecurity threats.,1,7.639641808054876e-06,0
You won't believe what experts are saying about ocean pollution.,1,0.9999600648880005,1
Comprehensive report published on climate change trends.,0,7.022772479103878e-06,0
Scientific community discusses recent war in Eastern Europe breakthroughs.,0,7.221980013127904e-06,0
What happened next with economic forecasts shocked the world.,1,2.2636748326476663e-05,0
Insiders reveal the untold story behind vaccination updates.,1,7.737851774436422e-06,0
This shocking discovery about energy crisis changes everything.,1,1.2250556210346986e-05,0
Here's how new movie releases is making headlines everywhere.,1,0.9999895095825195,1
This shocking discovery about social media addiction changes everything.,1,0.9989814162254333,1
Global leaders convene to address DIY home improvement challenges.,0,7.554952844657237e-06,0
Everyone's talking about TV series finales — find out why.,1,0.9999947547912598,1
Recent developments highlight advances in cybersecurity threats.,0,7.588942025904544e-06,0
Scientific community discusses recent hurricane disaster response breakthroughs.,0,7.92393257142976e-06,0
Public awareness increases regarding deep sea discoveries issues.,0,7.288013421202777e-06,0
The real story behind energy crisis will blow your mind.,1,1.1560999155335594e-05,0
Experts release new findings on energy crisis.,0,7.21319020158262e-06,0
Global leaders convene to address vaccination updates challenges.,0,7.074829682096606e-06,0
Government announces policy updates concerning robotic surgery advancements.,0,7.143044967961032e-06,0
Everyone's talking about deep sea discoveries — find out why.,1,0.9999790191650391,1
Scientific community discusses recent renewable energy innovation breakthroughs.,0,7.240807008201955e-06,0
This shocking discovery about ocean pollution changes everything.,1,0.0010760981822386384,0
They said international trade deals was impossible — until now.,1,7.570061370643089e-06,0
Government announces policy updates concerning vaccination updates.,0,7.004332474025432e-06,0
We investigated energy crisis — what we found might surprise you.,1,3.091343751293607e-05,0
This shocking discovery about DIY home improvement changes everything.,1,0.9998630285263062,1
Global leaders convene to address AI breakthroughs challenges.,0,7.433194696204737e-06,0
This shocking discovery about celebrity scandals changes everything.,1,0.0071396310813724995,0
They said cybersecurity threats was impossible — until now.,1,1.8078540961141698e-05,0
Recent developments highlight advances in international trade deals.,0,7.348417511821026e-06,0
Insiders reveal the untold story behind war in Eastern Europe.,1,7.327053936023731e-06,0
Global leaders convene to address space exploration missions challenges.,0,7.416172593366355e-06,0
This international trade deals event left scientists stunned.,1,7.576345069537638e-06,0
Global leaders convene to address deep sea discoveries challenges.,0,7.216293397505069e-06,0
What happened next with cybersecurity threats shocked the world.,1,0.0006628268747590482,0
Scientific community discusses recent quantum computing breakthroughs.,0,7.60550437917118e-06,0
Recent developments highlight advances in housing market shifts.,0,7.423212991852779e-06,0
Study reveals long-term effects of global diplomacy.,0,7.3780224738584366e-06,0
They said housing market shifts was impossible — until now.,1,7.346742677327711e-06,0
Recent developments highlight advances in ocean pollution.,0,7.408276815112913e-06,0
Global leaders convene to address gene editing research challenges.,0,7.41760140954284e-06,0
Researchers present new insights into cybersecurity threats.,0,7.745559742033947e-06,0
Public awareness increases regarding vaccination updates issues.,0,7.095768978615524e-06,0
Public awareness increases regarding cybersecurity threats issues.,0,7.461631867045071e-06,0
Scientific community discusses recent celebrity scandals breakthroughs.,0,7.336450380535098e-06,0
Everyone's talking about war in Eastern Europe — find out why.,1,0.9998019337654114,1
Here's how economic forecasts is making headlines everywhere.,1,0.9992496371269226,1
Study reveals long-term effects of new movie releases.,0,8.102803803922143e-06,0
In-depth study examines impacts of TV series finales.,0,9.190421224047896e-06,0
In-depth study examines impacts of space exploration missions.,0,8.150785106408875e-06,0
Government announces policy updates concerning new movie releases.,0,7.252293016790645e-06,0
You won't believe what experts are saying about new movie releases.,1,0.9999912977218628,1
Here's how energy crisis is making headlines everywhere.,1,0.0004382715269457549,0
Government announces policy updates concerning political unrest.,0,7.2921848186524585e-06,0
Government announces policy updates concerning war in Eastern Europe.,0,7.285136689461069e-06,0
Here's how gene editing research is making headlines everywhere.,1,0.9999744892120361,1
Here's how international trade deals is making headlines everywhere.,1,0.9993485808372498,1
Comprehensive report published on housing market shifts trends.,0,7.292984719242668e-06,0
This TV series finales event left scientists stunned.,1,0.9944682121276855,1
We investigated international trade deals — what we found might surprise you.,1,0.8943647146224976,1
This shocking discovery about quantum computing changes everything.,1,0.0005752975703217089,0
Comprehensive report published on international trade deals trends.,0,7.160566383390687e-06,0
This war in Eastern Europe event left scientists stunned.,1,9.37016466195928e-06,0
Everyone's talking about robotic surgery advancements — find out why.,1,0.9999902248382568,1
Study reveals long-term effects of gene editing research.,0,7.892408575571608e-06,0
Comprehensive report published on space exploration missions trends.,0,7.660171831957996e-06,0
We investigated war in Eastern Europe — what we found might surprise you.,1,0.006761807017028332,0
Researchers present new insights into AI breakthroughs.,0,7.70036695030285e-06,0
Researchers present new insights into vaccination updates.,0,7.320544227695791e-06,0
Public awareness increases regarding renewable energy innovation issues.,0,7.341440777963726e-06,0
Here's how climate change is making headlines everywhere.,1,0.9999419450759888,1
Experts release new findings on economic forecasts.,0,7.249402642628411e-06,0
Researchers present new insights into ocean pollution.,0,7.437959993694676e-06,0
In-depth study examines impacts of renewable energy innovation.,0,7.45102261134889e-06,0
Experts release new findings on international trade deals.,0,7.2214911597257014e-06,0
Here's how vaccination updates is making headlines everywhere.,1,0.9999847412109375,1
The real story behind celebrity scandals will blow your mind.,1,0.030556032434105873,0
Recent developments highlight advances in renewable energy innovation.,0,7.498497780034086e-06,0
Everyone's talking about political unrest — find out why.,1,0.9999518394470215,1
Public awareness increases regarding social media addiction issues.,0,7.68612062529428e-06,0
Here's how privacy law changes is making headlines everywhere.,1,0.9999699592590332,1
Experts release new findings on privacy law changes.,0,7.2532129706814885e-06,0
This celebrity scandals event left scientists stunned.,1,0.0009166110539808869,0
The real story behind privacy law changes will blow your mind.,1,0.00010498733172426,0
In-depth study examines impacts of international trade deals.,0,7.2881034611782525e-06,0
What happened next with energy crisis shocked the world.,1,1.5375060684164055e-05,0
Global leaders convene to address climate change challenges.,0,7.135221949283732e-06,0
Experts release new findings on space exploration missions.,0,7.463439487764845e-06,0
Comprehensive report published on TV series finales trends.,0,7.1936742642719764e-06,0
Government announces policy updates concerning celebrity scandals.,0,7.3136775426974054e-06,0
They said space exploration missions was impossible — until now.,1,0.0007650399929843843,0
Experts release new findings on robotic surgery advancements.,0,7.577226824651007e-06,0
This shocking discovery about renewable energy innovation changes everything.,1,1.5008250557002611e-05,0
Insiders reveal the untold story behind celebrity scandals.,1,7.661662493774202e-06,0
Study reveals long-term effects of economic forecasts.,0,7.412121249217307e-06,0
You won't believe what experts are saying about cybersecurity threats.,1,0.9999560117721558,1
Global leaders convene to address hurricane disaster response challenges.,0,7.122223451005993e-06,0
Experts release new findings on global diplomacy.,0,7.294563602044946e-06,0
Global leaders convene to address TV series finales challenges.,0,7.287436346814502e-06,0
Everyone's talking about ocean pollution — find out why.,1,0.9999853372573853,1
Insiders reveal the untold story behind global diplomacy.,1,7.636189366166946e-06,0
What happened next with celebrity scandals shocked the world.,1,0.998849630355835,1
Researchers present new insights into privacy law changes.,0,7.496996204281459e-06,0
This gene editing research event left scientists stunned.,1,0.0036788200959563255,0
They said new movie releases was impossible — until now.,1,0.9849982857704163,1
They said AI breakthroughs was impossible — until now.,1,7.729072967777029e-05,0
You won't believe what experts are saying about international trade deals.,1,0.9990461468696594,1
Study reveals long-term effects of political unrest.,0,7.1185022534336895e-06,0
Global leaders convene to address quantum computing challenges.,0,7.47536432754714e-06,0
In-depth study examines impacts of social media addiction.,0,8.596290172135923e-06,0
You won't believe what experts are saying about economic forecasts.,1,0.9687698483467102,1
We investigated hurricane disaster response — what we found might surprise you.,1,0.7472308874130249,1
Insiders reveal the untold story behind housing market shifts.,1,7.546650067524752e-06,0
What happened next with social media addiction shocked the world.,1,0.9988246560096741,1
This shocking discovery about deep sea discoveries changes everything.,1,0.0019831007812172174,0
This shocking discovery about robotic surgery advancements changes everything.,1,0.8377041816711426,1
Here's how DIY home improvement is making headlines everywhere.,1,0.9999951124191284,1
This shocking discovery about cybersecurity threats changes everything.,1,0.00021180517796892673,0
Recent developments highlight advances in TV series finales.,0,7.305110557354055e-06,0
Government announces policy updates concerning TV series finales.,0,7.1184340413310565e-06,0
Recent developments highlight advances in gene editing research.,0,7.801859283063095e-06,0
Comprehensive report published on privacy law changes trends.,0,7.143120001273928e-06,0
The real story behind political unrest will blow your mind.,1,1.9753708329517394e-05,0
Recent developments highlight advances in vaccination updates.,0,7.102593372110277e-06,0
We investigated climate change — what we found might surprise you.,1,0.9613493084907532,1
Everyone's talking about renewable energy innovation — find out why.,1,0.9998586177825928,1
In-depth study examines impacts of deep sea discoveries.,0,7.7631311796722e-06,0
In-depth study examines impacts of energy crisis.,0,7.242941137519665e-06,0
Insiders reveal the untold story behind ocean pollution.,1,7.430983259837376e-06,0
Researchers present new insights into DIY home improvement.,0,8.42553981783567e-06,0
Here's how TV series finales is making headlines everywhere.,1,0.9999943971633911,1
This shocking discovery about international trade deals changes everything.,1,1.0751366971817333e-05,0
Global leaders convene to address housing market shifts challenges.,0,7.358045422733994e-06,0
They said war in Eastern Europe was impossible — until now.,1,1.3528531781048514e-05,0
Study reveals long-term effects of renewable energy innovation.,0,7.330038442887599e-06,0
Comprehensive report published on DIY home improvement trends.,0,8.072891432675533e-06,0
Comprehensive report published on new movie releases trends.,0,7.586424089822685e-06,0
Everyone's talking about space exploration missions — find out why.,1,0.999985933303833,1
Insiders reveal the untold story behind social media addiction.,1,8.39832046040101e-06,0
Here's how renewable energy innovation is making headlines everywhere.,1,0.9998053908348083,1
Study reveals long-term effects of celebrity scandals.,0,7.4233830673620105e-06,0
Insiders reveal the untold story behind political unrest.,1,7.32228272681823e-06,0
This shocking discovery about housing market shifts changes everything.,1,8.481116310576908e-06,0
Government announces policy updates concerning renewable energy innovation.,0,7.346938673435943e-06,0
Everyone's talking about DIY home improvement — find out why.,1,0.9999948740005493,1
We investigated DIY home improvement — what we found might surprise you.,1,0.9999858140945435,1
Scientific community discusses recent political unrest breakthroughs.,0,7.125674528651871e-06,0
Scientific community discusses recent cybersecurity threats breakthroughs.,0,7.344150617427658e-06,0
Everyone's talking about new movie releases — find out why.,1,0.9999891519546509,1
Experts release new findings on political unrest.,0,7.11957454768708e-06,0
Insiders reveal the untold story behind quantum computing.,1,7.823031410225667e-06,0
This DIY home improvement event left scientists stunned.,1,0.9993487000465393,1
Recent developments highlight advances in new movie releases.,0,7.380274382740026e-06,0
Here's how AI breakthroughs is making headlines everywhere.,1,0.9999723434448242,1
We investigated gene editing research — what we found might surprise you.,1,0.9992944002151489,1
Experts release new findings on TV series finales.,0,7.344886398641393e-06,0
We investigated new movie releases — what we found might surprise you.,1,0.9998288154602051,1
This shocking discovery about vaccination updates changes everything.,1,0.010487576946616173,0
This robotic surgery advancements event left scientists stunned.,1,0.006996599491685629,0
Public awareness increases regarding privacy law changes issues.,0,7.330248081416357e-06,0
Study reveals long-term effects of cybersecurity threats.,0,7.637223461642861e-06,0
This AI breakthroughs event left scientists stunned.,1,0.00010447132808621973,0
Government announces policy updates concerning privacy law changes.,0,7.293617727555102e-06,0
Everyone's talking about international trade deals — find out why.,1,0.999968409538269,1
Comprehensive report published on renewable energy innovation trends.,0,7.1145045694720466e-06,0
They said DIY home improvement was impossible — until now.,1,0.9999586343765259,1
Scientific community discusses recent international trade deals breakthroughs.,0,7.2251555138791446e-06,0
You won't believe what experts are saying about global diplomacy.,1,0.9993477463722229,1
In-depth study examines impacts of climate change.,0,7.391361123154638e-06,0
Recent developments highlight advances in AI breakthroughs.,0,7.788366019667592e-06,0
Government announces policy updates concerning quantum computing.,0,7.406122222164413e-06,0
Scientific community discusses recent vaccination updates breakthroughs.,0,7.2165203164331615e-06,0
Insiders reveal the untold story behind DIY home improvement.,1,1.4254815141612198e-05,0
Government announces policy updates concerning housing market shifts.,0,7.4910931289196014e-06,0
We investigated political unrest — what we found might surprise you.,1,0.002957469318062067,0
Recent developments highlight advances in celebrity scandals.,0,7.365375040535582e-06,0
Insiders reveal the untold story behind robotic surgery advancements.,1,8.52797893458046e-06,0
What happened next with war in Eastern Europe shocked the world.,1,0.0002454700879752636,0
Global leaders convene to address celebrity scandals challenges.,0,7.123126579244854e-06,0
What happened next with deep sea discoveries shocked the world.,1,0.0011738910106942058,0
What happened next with privacy law changes shocked the world.,1,0.0008294074796140194,0
Global leaders convene to address international trade deals challenges.,0,7.264593932632124e-06,0
This shocking discovery about economic forecasts changes everything.,1,1.221872753376374e-05,0
Everyone's talking about social media addiction — find out why.,1,0.9999927282333374,1
We investigated cybersecurity threats — what we found might surprise you.,1,0.9981036186218262,1
Everyone's talking about housing market shifts — find out why.,1,0.9984148740768433,1
Everyone's talking about privacy law changes — find out why.,1,0.9999829530715942,1
The real story behind war in Eastern Europe will blow your mind.,1,7.226956950034946e-05,0
Researchers present new insights into renewable energy innovation.,0,7.699346497247461e-06,0
In-depth study examines impacts of hurricane disaster response.,0,7.39017696105293e-06,0
Comprehensive report published on hurricane disaster response trends.,0,7.185617505456321e-06,0
You won't believe what experts are saying about quantum computing.,1,0.9999805688858032,1
Scientific community discusses recent space exploration missions breakthroughs.,0,8.064442226896062e-06,0
What happened next with climate change shocked the world.,1,0.0004614134377334267,0
Study reveals long-term effects of quantum computing.,0,7.964373253344093e-06,0
You won't believe what experts are saying about deep sea discoveries.,1,0.9999785423278809,1
The real story behind international trade deals will blow your mind.,1,3.2656924304319546e-05,0
In-depth study examines impacts of gene editing research.,0,8.193774192477576e-06,0
We investigated deep sea discoveries — what we found might surprise you.,1,0.9954742789268494,1
In-depth study examines impacts of war in Eastern Europe.,0,7.398681646009209e-06,0
You won't believe what experts are saying about AI breakthroughs.,1,0.9999849796295166,1
Scientific community discusses recent economic forecasts breakthroughs.,0,7.208033821370918e-06,0
Recent developments highlight advances in global diplomacy.,0,7.516225196013693e-06,0
Comprehensive report published on vaccination updates trends.,0,6.9426569098141044e-06,0
In-depth study examines impacts of quantum computing.,0,7.946922778501175e-06,0
The real story behind housing market shifts will blow your mind.,1,8.546997378289234e-06,0
This shocking discovery about new movie releases changes everything.,1,0.39764681458473206,1
The real story behind hurricane disaster response will blow your mind.,1,0.000317460362566635,0
Scientific community discusses recent DIY home improvement breakthroughs.,0,1.2753823284583632e-05,0
